Date;Titre;Lien
2026-01-05;L'authentification SAML compromise par des hackers;https://www.lemondeinformatique.fr/actualites/lire-l-authentification-saml-compromise-par-des-hackers-98931.html
2026-01-05;Apple devrait se concentrer sur l'amélioration de ses OS;https://www.lemondeinformatique.fr/actualites/lire-apple-devrait-se-concentrer-sur-l-amelioration-de-ses-os-98941.html
2026-01-05;Quelle est la prochaine étape pour les conteneurs Azure ? ;https://www.lemondeinformatique.fr/actualites/lire-quelle-est-la-prochaine-etape-pour-les-conteneurs-azure-%A0-98938.html
2026-01-05;Caméras touristiques : la Cnil dresse un bilan mitigé;https://www.lemondeinformatique.fr/actualites/lire-cameras-touristiques-la-cnil-dresse-un-bilan-mitige-98937.html
2026-01-05;L'IA Claude aide à concevoir un langage de programmation;https://www.lemondeinformatique.fr/actualites/lire-l-ia-claude-aide-a-concevoir-un-langage-de-programmation-98936.html
2026-01-05;Un salon oriente des jeunes vers les métiers de la cybersécurité;https://www.lemondeinformatique.fr/actualites/lire-un-salon-oriente-des-jeunes-vers-les-metiers-de-la-cybersecurite-98935.html
2026-01-05;La gestion des identités des agents IA met sous pression les RSSI;https://www.lemondeinformatique.fr/actualites/lire-la-gestion-des-identites-des-agents-ia-met-sous-pression-les-rssi-98932.html
2026-01-05;Cisco négocierait le rachat d'Axonius;https://www.lemondeinformatique.fr/actualites/lire-cisco-negocierait-le-rachat-d-axonius-98933.html
2026-01-05;Cognizant accélère l'adoption de l'IA avec Microsoft;https://www.lemondeinformatique.fr/actualites/lire-cognizant-accelere-l-adoption-de-l-ia-avec-microsoft-98923.html
2026-01-05;Des chercheurs cassent les enclaves sécurisées des CPU;https://www.lemondeinformatique.fr/actualites/lire-des-chercheurs-cassent-les-enclaves-securisees-des-cpu-98930.html
2026-01-05;Un paquet npm malveillant fonctionne depuis des mois comme une API WhatsApp légitime;https://www.lemondeinformatique.fr/actualites/lire-un-paquet-npm-malveillant-fonctionne-depuis-des-mois-comme-une-api-whatsapp-legitime-98929.html
2026-01-05;Telex : Nvidia prêt à avaler la start-up AI21 Labs, La Côte d'Or crée son propre Google Street View, La Chine vise l'autosuffisance dans les semi-conducteurs;https://www.lemondeinformatique.fr/actualites/lire-telex-nvidia-pret-a-avaler-la-start-up-ai21-labs-la-cote-d-or-cree-son-propre-google-street-view-la-chine-vise-l-autosuffisance-dans-les-semi-conducteurs-98928.html
2026-01-05;Test Mobile Pixels Duex Float 2 : un écran empilable pratique pour MacBook;https://www.lemondeinformatique.fr/actualites/lire-test-mobile-pixels-duex-float-2-un-ecran-empilable-pratique-pour-macbook-98924.html
2026-01-05;L'ESA confirme une cyberattaque;https://www.lemondeinformatique.fr/actualites/lire-l-esa-confirme-une-cyberattaque-98921.html
2026-01-05;L'IA freine l'emploi des profils juniors en France;https://www.lemondeinformatique.fr/actualites/lire-l-ia-freine-l-emploi-des-profils-juniors-en-france-98927.html
2026-01-05;Les datacenters et l'IA au coeur du boom IT de 2025 selon IDC;https://www.lemondeinformatique.fr/actualites/lire-les-datacenters-et-l-ia-au-coeur-du-boom-it-de-2025-selon-idc-98926.html
2026-01-05;Pourquoi Nvidia croque Groq sans vraiment le racheter;https://www.lemondeinformatique.fr/actualites/lire-pourquoi-nvidia-croque-groq-sans-vraiment-le-racheter-98925.html
2026-01-05;Nvidia affine la télémétrie de ses GPU pour datacenters;https://www.lemondeinformatique.fr/actualites/lire-nvidia-affine-la-telemetrie-de-ses-gpu-pour-datacenters-98922.html
